geo_id,time_id,median_price_sqm,transaction_count,total_volume_k_eur
1106,2022Q1,4094.78,928,360995.8
1106,2022Q2,4117.1,1534,599984.98
1106,2022Q3,4263.72,2131,863168.8
1106,2022Q4,4293.9,1691,689793.57
1106,2023Q1,4275.91,1948,791299.9
1106,2023Q2,4393.91,473,197440.35
1106,2023Q3,4391.22,1175,490169.93
1106,2023Q4,4596.51,1666,727489.64
1106,2024Q1,4713.4,1187,531506.55
1106,2024Q2,4633.87,353,155396.83
1106,2024Q3,4634.45,851,374672.11
1106,2024Q4,4819.93,2581,1181822.74
1312,2022Q1,2784.9,1020,269856.81
1312,2022Q2,2818.59,948,253842.22
1312,2022Q3,2881.54,1723,471664.87
1312,2022Q4,2952.94,1040,291750.47
1312,2023Q1,2935.87,1277,356165.07
1312,2023Q2,3086.84,2597,761569.73
1312,2023Q3,3109.18,1829,540235.57
1312,2023Q4,3071.74,1955,570498.91
1312,2024Q1,3165.4,860,258613.18
1312,2024Q2,3126.81,2480,736676.44
1312,2024Q3,3189.51,1453,440264.01
1312,2024Q4,3278.81,1571,489346.0
1105,2022Q1,3831.86,1440,524198.45
1105,2022Q2,3965.22,2066,778253.73
1105,2022Q3,4016.5,2509,957352.86
1105,2022Q4,4071.07,1226,474157.52
1105,2023Q1,4014.04,1260,480480.59
1105,2023Q2,4017.59,700,267169.73
1105,2023Q3,4168.54,1200,475213.56
1105,2023Q4,4190.78,1169,465407.07
1105,2024Q1,4295.34,633,258300.27
1105,2024Q2,4263.78,2598,1052343.54
1105,2024Q3,4325.4,1833,753203.53
1105,2024Q4,4426.03,1974,830013.41
0805,2022Q1,2157.55,1457,298637.28
0805,2022Q2,2266.75,2197,473104.73
0805,2022Q3,2308.92,745,163413.81
0805,2022Q4,2263.14,2626,564585.54
0805,2023Q1,2388.65,400,90768.7
0805,2023Q2,2389.56,882,200221.23
0805,2023Q3,2388.21,2256,511841.17
0805,2023Q4,2460.25,2414,564209.13
0805,2024Q1,2450.22,1496,348225.27
0805,2024Q2,2504.94,1963,467133.74
0805,2024Q3,2579.38,1460,357760.01
0805,2024Q4,2580.74,766,187800.45
0105,2022Q1,1607.5,553,84450.01
0105,2022Q2,1648.85,2399,375781.16
0105,2022Q3,1618.03,1962,301584.61
0105,2022Q4,1656.14,1279,201229.29
0105,2023Q1,1714.91,690,112412.35
0105,2023Q2,1733.06,2445,402546.51
0105,2023Q3,1784.61,2175,368745.04
0105,2023Q4,1796.44,1494,254968.73
0105,2024Q1,1835.43,1617,281949.58
0105,2024Q2,1839.58,2330,407191.03
0105,2024Q3,1882.38,2086,373031.24
0105,2024Q4,1882.67,1204,215339.79
