geo_id,time_id,overnight_stays,total_revenue_eur
1106,2022Q1,785593,58655713.31
1106,2022Q2,1207189,100780430.54
1106,2022Q3,1572814,145331603.54
1106,2022Q4,680688,49520935.61
1106,2023Q1,661233,53346754.11
1106,2023Q2,1183036,108269401.66
1106,2023Q3,1227003,101557421.81
1106,2023Q4,702160,53050080.51
1106,2024Q1,637890,50036333.54
1106,2024Q2,1223502,95531125.84
1106,2024Q3,1448117,126819532.64
1106,2024Q4,690543,65114442.87
1312,2022Q1,182197,13900639.47
1312,2022Q2,239801,18589842.99
1312,2022Q3,299344,21230127.16
1312,2022Q4,165259,13644935.82
1312,2023Q1,138470,10657504.4
1312,2023Q2,269395,20471069.39
1312,2023Q3,285909,23512103.73
1312,2023Q4,183311,13941054.85
1312,2024Q1,168262,14982130.99
1312,2024Q2,221109,19503009.72
1312,2024Q3,307307,26369290.2
1312,2024Q4,166409,13877573.24
1105,2022Q1,631502,57392519.91
1105,2022Q2,1021932,76300470.86
1105,2022Q3,1241614,105254503.77
1105,2022Q4,758353,53399195.75
1105,2023Q1,722612,54674554.13
1105,2023Q2,1127035,83805376.71
1105,2023Q3,1522485,121293919.09
1105,2023Q4,814333,59803006.08
1105,2024Q1,685670,49942034.73
1105,2024Q2,1217600,111938209.92
1105,2024Q3,1335430,115514162.36
1105,2024Q4,788519,66140989.72
0805,2022Q1,564981,42964718.73
0805,2022Q2,737461,68163810.75
0805,2022Q3,1254540,107674077.56
0805,2022Q4,532957,41959832.18
0805,2023Q1,597960,55268101.28
0805,2023Q2,937545,83907360.47
0805,2023Q3,1167722,84196842.21
0805,2023Q4,503153,46523465.89
0805,2024Q1,577880,40584469.8
0805,2024Q2,739570,64037550.08
0805,2024Q3,953700,70593065.97
0805,2024Q4,568187,49601236.42
0105,2022Q1,167294,12648552.75
0105,2022Q2,255276,19383419.95
0105,2022Q3,303238,26885774.02
0105,2022Q4,167182,15252111.71
0105,2023Q1,167565,14110265.78
0105,2023Q2,210744,16689427.48
0105,2023Q3,297459,22636552.88
0105,2023Q4,182704,14584793.17
0105,2024Q1,178818,15338733.67
0105,2024Q2,261226,21568366.93
0105,2024Q3,327382,26947775.69
0105,2024Q4,145371,12801559.66
